underrated_genre,,underrated_genre
musical,,musical
comedy,,comedy
romance,,romance
musical,,musical
historical,,historical
Sci-fi,,sci-fi
cartoon,,cartoon
musical,,musical
Sci-fi,,sci-fi
historical,,historical
adventure ,,adventure 
thriller,,thriller
Sci-fi,,sci-fi
Sci-fi,,sci-fi
family,,family
horror,,horror
Festival ,,festival 
fantasy,,fantasy
drama,,drama
Musical,,musical
Documentary ,,documentary 
Family,,family
Musical,,musical
Comedy,,comedy
Adventure,,adventure
drama,,drama
 horror ,, horror 
drama,,drama
Comedy ,,comedy 
Romance,,romance
Musical,,musical
Family,,family
Action ,,action 
Horror,,horror
Animation,,animation
mystery,,mystery
family,,family
Documentary ,,documentary 
musical,,musical
fantasy,,fantasy
historical,,historical
historical,,historical
Sci-fi,,sci-fi
drama ,,drama 
romance,,romance
drama,,drama
comedy,,comedy
horror,,horror
Sci-fi,,sci-fi
fantasy,,fantasy
crime,,crime
musical ,,musical 
old classic,,old classic
Sci-fi,,sci-fi
mystery ,,mystery 
musical,,musical
family,,family
fantasy,,fantasy
mystery ,,mystery 
drama,,drama
family ,,family 
family,,family
musical ,,musical 
musical,,musical
adventure,,adventure
Family,,family
musical ,,musical 
historical,,historical
psychological ,,psychological 
adventure,,adventure
fantasy,,fantasy
fantasy,,fantasy
horror,,horror
musical,,musical
